Timestamp,Right_X,Right_Y,Left_X,Left_Y
1701739442.562376,0.5443820357322693,0.332895427942276,0.5588297843933105,0.366305947303772
1701739442.58794,0.5444689989089966,0.3333089351654053,0.5648050308227539,0.34473899006843567
1701739442.600221,0.5423226356506348,0.3334793448448181,0.5648050308227539,0.34473899006843567
1701739442.612331,0.5386208295822144,0.3292155861854553,0.5673846006393433,0.34076228737831116
1701739442.6363919,0.5371555089950562,0.3286634683609009,0.5590962171554565,0.35610952973365784
1701739442.6486468,0.5394387245178223,0.32869625091552734,0.5590962171554565,0.35610952973365784
1701739442.662385,0.5436311364173889,0.32262474298477173,0.5597794055938721,0.3501468896865845
1701739442.684973,0.530943751335144,0.3504505455493927,0.5656159520149231,0.3645414412021637
1701739442.6972642,0.5025345683097839,0.41260626912117004,0.5656159520149231,0.3645414412021637
1701739442.846327,0.670893669128418,0.3717103898525238,0.6573851108551025,0.3879750669002533
1701739442.8717551,0.6503405570983887,0.36569610238075256,0.6550875902175903,0.3801441490650177
1701739442.884373,0.6444125175476074,0.3521569073200226,0.6550875902175903,0.3801441490650177
1701739442.896965,0.6550871133804321,0.3566954731941223,0.6607651114463806,0.3816087543964386
1701739442.911266,0.6544116139411926,0.35486236214637756,0.6589787602424622,0.3765069842338562
1701739442.9348302,0.6466960310935974,0.3394794166088104,0.6562314033508301,0.3727990984916687
1701739442.947445,0.643217146396637,0.3443303108215332,0.6562314033508301,0.3727990984916687
1701739442.962048,0.6486173868179321,0.33279702067375183,0.6520088315010071,0.380440354347229
1701739442.984533,0.6546242833137512,0.3287141025066376,0.657910943031311,0.3740936815738678
1701739442.996934,0.6608428955078125,0.3243292570114136,0.657910943031311,0.3740936815738678
1701739443.011186,0.6611093878746033,0.3266264796257019,0.6519418954849243,0.36625680327415466
1701739443.0341141,0.6561914682388306,0.3229685127735138,0.6513570547103882,0.350697785615921
1701739443.046392,0.6596770286560059,0.319242388010025,0.6513570547103882,0.350697785615921
1701739443.070915,0.6621771454811096,0.3131881654262543,0.6531751155853271,0.3728214204311371
1701739443.0831969,0.653053879737854,0.32170259952545166,0.6531751155853271,0.3728214204311371
1701739443.095426,0.6585970520973206,0.3256448805332184,0.6504499912261963,0.3699136972427368
1701739443.11964,0.6657578945159912,0.32026299834251404,0.6573341488838196,0.35752129554748535
1701739443.1320589,0.666654646396637,0.32232001423835754,0.6573341488838196,0.35752129554748535
1701739443.144471,0.6606629490852356,0.3209550380706787,0.6516273617744446,0.35390451550483704
1701739443.168777,0.652466893196106,0.31338807940483093,0.6550495624542236,0.3661089241504669
1701739443.1812549,0.6575884222984314,0.3119699954986572,0.6550495624542236,0.3661089241504669
1701739443.194987,0.6560571193695068,0.329990029335022,0.6553226113319397,0.3594917058944702
1701739443.218802,0.6529638171195984,0.33401942253112793,0.6514107584953308,0.35679131746292114
1701739443.232018,0.6496279835700989,0.3291642367839813,0.6514107584953308,0.35679131746292114
1701739443.244616,0.6489497423171997,0.32568857073783875,0.6498839855194092,0.37193140387535095
1701739443.268905,0.6657143831253052,0.31905922293663025,0.6527427434921265,0.37226611375808716
1701739443.2816992,0.6657143831253052,0.31905922293663025,0.6527427434921265,0.37226611375808716
1701739443.29492,0.6550689935684204,0.319766104221344,0.6588498950004578,0.3737174868583679
1701739443.318638,0.6553600430488586,0.32776743173599243,0.6565064787864685,0.36632564663887024
1701739443.330913,0.6598568558692932,0.3116525411605835,0.6565064787864685,0.36632564663887024
1701739443.34378,0.6601177453994751,0.30130788683891296,0.6584340929985046,0.365817666053772
1701739443.367908,0.6703734993934631,0.31769585609436035,0.6580065488815308,0.37559035420417786
1701739443.3801138,0.6703734993934631,0.31769585609436035,0.6580065488815308,0.37559035420417786
1701739443.404311,0.7477371692657471,0.3217116892337799,0.7255688905715942,0.36701586842536926
1701739443.416686,0.7623358368873596,0.32487669587135315,0.7255688905715942,0.36701586842536926
1701739443.4291682,0.8622366786003113,0.29621315002441406,0.730548620223999,0.3742355704307556
1701739443.4433641,0.8692600131034851,0.28687548637390137,0.8457211256027222,0.354720801115036
1701739443.4661021,0.8698265552520752,0.28694236278533936,0.8413638472557068,0.35506144165992737
1701739443.4784691,0.8655887246131897,0.2967124283313751,0.8413638472557068,0.35506144165992737
1701739443.5027242,0.8636501431465149,0.30731555819511414,0.8476505279541016,0.35170599818229675
1701739443.515326,0.8676580190658569,0.2993532717227936,0.8476505279541016,0.35170599818229675
1701739443.528096,0.8631623983383179,0.30753999948501587,0.8502829074859619,0.34379634261131287
1701739443.5521889,0.8631623983383179,0.30753999948501587,0.8438772559165955,0.3544430136680603
1701739443.565293,0.8743804097175598,0.3012358546257019,0.8438772559165955,0.3544430136680603
1701739443.577831,0.8735970854759216,0.3090749979019165,0.8473032116889954,0.35831505060195923
1701739443.602985,0.8656080365180969,0.31822240352630615,0.8450649380683899,0.3654952645301819
1701739443.6160471,0.8647069334983826,0.3118140399456024,0.8450649380683899,0.3654952645301819
1701739443.628603,0.8782159686088562,0.28044769167900085,0.846534252166748,0.3675759732723236
1701739443.653669,0.8714074492454529,0.28841930627822876,0.8494762182235718,0.3378443717956543
1701739443.666347,0.8692111968994141,0.2984361946582794,0.8494762182235718,0.3378443717956543
1701739443.679159,0.8757767081260681,0.292249858379364,0.8441635966300964,0.36796683073043823
1701739443.7039518,0.885298490524292,0.2728594243526459,0.848008394241333,0.3612096905708313
1701739443.716714,0.8704975843429565,0.27825430035591125,0.848008394241333,0.3612096905708313
1701739443.729075,0.8695014119148254,0.29384589195251465,0.8436824679374695,0.3574484884738922
1701739443.7534919,0.8779098987579346,0.3047996163368225,0.8459561467170715,0.3626638352870941
1701739443.7662249,0.8762048482894897,0.28804832696914673,0.8459561467170715,0.3626638352870941
1701739443.778285,0.8820581436157227,0.2711550295352936,0.84828120470047,0.36272525787353516
1701739443.8031669,0.8764845132827759,0.2945692837238312,0.8411667943000793,0.36205223202705383
1701739443.815984,0.8764845132827759,0.2945692837238312,0.8411667943000793,0.36205223202705383
1701739443.82851,0.8869393467903137,0.27931979298591614,0.8564038276672363,0.35264304280281067
1701739443.8529549,0.8869393467903137,0.27931979298591614,0.8434935808181763,0.3547977805137634
1701739443.865788,0.8831907510757446,0.28793013095855713,0.8434935808181763,0.3547977805137634
1701739443.878189,0.8726127743721008,0.3032980263233185,0.8487131595611572,0.34283050894737244
1701739443.9026299,0.8690139651298523,0.3001544177532196,0.843285083770752,0.3450193405151367
1701739443.915466,0.87868332862854,0.28403958678245544,0.843285083770752,0.3450193405151367
1701739443.92782,0.83768630027771,0.45568910241127014,0.8466732501983643,0.350643128156662
1701739443.9521642,0.8353976607322693,0.4589388370513916,0.7945865988731384,0.5300708413124084
1701739443.9650948,0.8392828106880188,0.4514957070350647,0.7945865988731384,0.5300708413124084
1701739443.97755,0.8423817157745361,0.44674476981163025,0.7939162850379944,0.556308925151825
1701739444.001947,0.834307074546814,0.4534236192703247,0.7972753047943115,0.5587129592895508
1701739444.014832,0.834307074546814,0.4534236192703247,0.7972753047943115,0.5587129592895508
1701739444.027735,0.8304568529129028,0.46524888277053833,0.800792396068573,0.5449908971786499
1701739444.051677,0.8304568529129028,0.46524888277053833,0.7935616970062256,0.5421209335327148
1701739444.064567,0.839281439781189,0.4573242664337158,0.7935616970062256,0.5421209335327148
1701739444.077009,0.839281439781189,0.4573242664337158,0.7955363988876343,0.5523881912231445
1701739444.101598,0.8357991576194763,0.47017917037010193,0.8078538775444031,0.5280712246894836
1701739444.114736,0.8357991576194763,0.47017917037010193,0.8078538775444031,0.5280712246894836
1701739444.127379,0.8309357762336731,0.46735700964927673,0.8078538775444031,0.5280712246894836
1701739444.152247,0.8309357762336731,0.46735700964927673,0.7957875728607178,0.5463704466819763
1701739444.165431,0.8362897038459778,0.45810213685035706,0.7957875728607178,0.5463704466819763
1701739444.178123,0.8362897038459778,0.45810213685035706,0.8037691116333008,0.5649111270904541
1701739444.203022,0.8382759094238281,0.4630931317806244,0.8025661706924438,0.5467098355293274
1701739444.215719,0.8382759094238281,0.4630931317806244,0.8025661706924438,0.5467098355293274
1701739444.228895,0.8266586661338806,0.46290719509124756,0.7968142628669739,0.5427549481391907
1701739444.2432551,0.8306989073753357,0.4690311551094055,0.7953230142593384,0.5483468770980835
1701739444.266966,0.8535788655281067,0.4673404395580292,0.8290755152702332,0.5338316559791565
1701739444.279673,0.8538084030151367,0.4608018696308136,0.8290755152702332,0.5338316559791565
1701739444.294192,0.8539077639579773,0.45927271246910095,0.8290755152702332,0.5338316559791565
1701739444.317199,0.8539077639579773,0.45927271246910095,0.8274208307266235,0.5459650754928589
1701739444.330087,0.8530378937721252,0.4691092073917389,0.8274208307266235,0.5459650754928589
1701739444.343565,0.8552641868591309,0.4722834527492523,0.8294438123703003,0.5536195039749146
1701739444.368478,0.8590394258499146,0.46052539348602295,0.8310924172401428,0.5387531518936157
1701739444.381811,0.8576949238777161,0.4546230137348175,0.8310924172401428,0.5387531518936157
1701739444.3945322,0.8466825485229492,0.48416632413864136,0.8310924172401428,0.5387531518936157
1701739444.4086652,0.8466825485229492,0.48416632413864136,0.8297129273414612,0.5374575853347778
1701739444.4326458,0.8460525274276733,0.4683101177215576,0.8290284872055054,0.5475357174873352
1701739444.445419,0.8460525274276733,0.4683101177215576,0.8290284872055054,0.5475357174873352
1701739444.4963992,0.8459690809249878,0.4747580289840698,0.8334192037582397,0.5288612842559814
1701739444.509137,0.8459690809249878,0.4747580289840698,0.8267236351966858,0.5353175401687622
1701739444.534108,0.8549185395240784,0.473440945148468,0.8174164891242981,0.5523261427879333
1701739444.546929,0.8549185395240784,0.473440945148468,0.8174164891242981,0.5523261427879333
1701739444.560464,0.8378488421440125,0.4943471848964691,0.8183234333992004,0.5452983975410461
1701739444.585133,0.8378488421440125,0.4943471848964691,0.8316094875335693,0.5434077978134155
1701739444.59851,0.8332815766334534,0.50087571144104,0.8316094875335693,0.5434077978134155
1701739444.611221,0.8332815766334534,0.50087571144104,0.8331047892570496,0.54170823097229
1701739444.6361809,0.8295578360557556,0.5042806267738342,0.8264439105987549,0.5281050205230713
1701739444.649027,0.8295578360557556,0.5042806267738342,0.8264439105987549,0.5281050205230713
1701739444.661969,0.8065576553344727,0.5930711030960083,0.8170464038848877,0.5652613043785095
1701739444.676219,0.8065576553344727,0.5930711030960083,0.7886562943458557,0.6504004597663879
1701739444.700135,0.7947437167167664,0.6114376783370972,0.7911582589149475,0.6650696992874146
1701739444.713356,0.7947437167167664,0.6114376783370972,0.7911582589149475,0.6650696992874146
1701739444.727055,0.7995551228523254,0.600008487701416,0.7880357503890991,0.6754838228225708
1701739444.750517,0.7995551228523254,0.600008487701416,0.7957188487052917,0.6634910702705383
1701739444.76377,0.7882839441299438,0.6108307838439941,0.7957188487052917,0.6634910702705383
1701739444.775885,0.7882839441299438,0.6108307838439941,0.7951840758323669,0.6601395010948181
1701739444.801114,0.8021287322044373,0.5939825177192688,0.7954514026641846,0.6650310158729553
1701739444.814441,0.8021287322044373,0.5939825177192688,0.7954514026641846,0.6650310158729553
1701739444.827091,0.799075186252594,0.5980023741722107,0.7939774990081787,0.6740586757659912
1701739444.8418372,0.799075186252594,0.5980023741722107,0.7857931852340698,0.6612488031387329
1701739444.865282,0.7988902926445007,0.6022026538848877,0.797832190990448,0.657121479511261
1701739444.87809,0.7988902926445007,0.6022026538848877,0.797832190990448,0.657121479511261
1701739444.903243,0.7927462458610535,0.6320409178733826,0.7934056520462036,0.6384295225143433
1701739444.9161758,0.7934107184410095,0.6240168213844299,0.7934056520462036,0.6384295225143433
1701739444.929775,0.7899250984191895,0.6094251871109009,0.7966263890266418,0.6466703414916992
1701739444.942574,0.788174033164978,0.6129087209701538,0.7962081432342529,0.6543574929237366
1701739444.967541,0.7980442047119141,0.6109418869018555,0.7938696146011353,0.6565880179405212
1701739444.9811819,0.7980442047119141,0.6109418869018555,0.7938696146011353,0.6565880179405212
1701739444.9940128,0.7946715950965881,0.6127237677574158,0.7938696146011353,0.6565880179405212
1701739445.00872,0.7963244915008545,0.609320878982544,0.794559121131897,0.6743941903114319
1701739445.032663,0.7875413298606873,0.6161937713623047,0.7974889874458313,0.6531595587730408
1701739445.045562,0.7867752909660339,0.6138812899589539,0.7974889874458313,0.6531595587730408
1701739445.060472,0.7386748790740967,0.613806426525116,0.7960147857666016,0.6492301821708679
1701739445.083542,0.6988069415092468,0.6168652176856995,0.6933498382568359,0.6604596972465515
1701739445.097131,0.6709352135658264,0.6160435676574707,0.6933498382568359,0.6604596972465515
1701739445.1093602,0.6782852411270142,0.6088694334030151,0.6745744943618774,0.6703060269355774
1701739445.1352232,0.679021418094635,0.6120915412902832,0.6599393486976624,0.6726027727127075
1701739445.1488261,0.6808463931083679,0.6071742177009583,0.6599393486976624,0.6726027727127075
1701739445.1617332,0.6731966137886047,0.6113761067390442,0.6602524518966675,0.6949719786643982
1701739445.1758132,0.66114342212677,0.6092962622642517,0.6617493033409119,0.7042677402496338
1701739445.20012,0.6652021408081055,0.6036669015884399,0.655392050743103,0.6914020776748657
1701739445.213363,0.6714760065078735,0.6065016984939575,0.655392050743103,0.6914020776748657
1701739445.227005,0.6723851561546326,0.60897296667099,0.6575148105621338,0.6854549646377563
1701739445.251267,0.6573430299758911,0.6332666277885437,0.6684964895248413,0.6610932946205139
1701739445.264676,0.6550409197807312,0.6241315007209778,0.6684964895248413,0.6610932946205139
1701739445.277432,0.6690284609794617,0.6131423115730286,0.6700459122657776,0.6841399073600769
1701739445.302169,0.6596742868423462,0.6241788864135742,0.66968834400177,0.6526574492454529
1701739445.315032,0.6596742868423462,0.6241788864135742,0.66968834400177,0.6526574492454529
1701739445.3669171,0.5725387930870056,0.524750828742981,0.5967783331871033,0.705764651298523
1701739445.380727,0.5725387930870056,0.524750828742981,0.5967783331871033,0.705764651298523
1701739445.393677,0.5989571213722229,0.623961865901947,0.5967783331871033,0.705764651298523
1701739445.418886,0.5359522700309753,0.6774357557296753,0.6036854386329651,0.6923078894615173
1701739445.432637,0.5409688949584961,0.6739447116851807,0.6036854386329651,0.6923078894615173
1701739445.445604,0.6211712956428528,0.6002039909362793,0.5882934927940369,0.6687432527542114
1701739445.460163,0.6231876015663147,0.6145271062850952,0.5786617994308472,0.6646015644073486
1701739445.48385,0.6152136325836182,0.617634654045105,0.5898094773292542,0.7075322866439819
1701739445.497797,0.5994899868965149,0.6354773044586182,0.5898094773292542,0.7075322866439819
1701739445.5108109,0.5957934856414795,0.6584072113037109,0.58697509765625,0.7064211964607239
1701739445.536045,0.608755886554718,0.6467009782791138,0.59343022108078,0.7006592154502869
1701739445.549108,0.5978162288665771,0.6547613739967346,0.59343022108078,0.7006592154502869
1701739445.5629382,0.5948598384857178,0.6577197313308716,0.5991697311401367,0.7035129070281982
1701739445.575945,0.556222140789032,0.6524665355682373,0.6021926403045654,0.6972129344940186
1701739445.600878,0.5552052855491638,0.6533520221710205,0.6000237464904785,0.6837356090545654
1701739445.614582,0.5877799987792969,0.6563464403152466,0.6000237464904785,0.6837356090545654
1701739445.6273742,0.5835700035095215,0.6500275135040283,0.604032576084137,0.678010880947113
1701739445.642208,0.5859307050704956,0.6484907865524292,0.605665385723114,0.6860582232475281
1701739445.665938,0.5893567204475403,0.6514593362808228,0.6004784107208252,0.6853479743003845
1701739445.678711,0.5929335355758667,0.6502761244773865,0.6004784107208252,0.6853479743003845
1701739445.6931741,0.5909217596054077,0.6514759659767151,0.6055577397346497,0.6979989409446716
1701739445.716459,0.580949604511261,0.6538726091384888,0.5902814865112305,0.6974708437919617
1701739445.730168,0.5845546722412109,0.6362850666046143,0.5902814865112305,0.6974708437919617
1701739445.743019,0.5854399800300598,0.6357920169830322,0.5894426703453064,0.6818709373474121
1701739445.7683048,0.5892667770385742,0.643957793712616,0.6045786142349243,0.6861364245414734
1701739445.781705,0.5808661580085754,0.6407578587532043,0.6045786142349243,0.6861364245414734
1701739445.795327,0.5254309177398682,0.6539729237556458,0.586406409740448,0.7065268754959106
1701739445.808432,0.252980500459671,0.5786452889442444,0.5568975806236267,0.7169882655143738
1701739445.833793,0.24037635326385498,0.6224187016487122,0.21358059346675873,0.7212347388267517
1701739445.847778,0.23551927506923676,0.6392871141433716,0.21358059346675873,0.7212347388267517
1701739445.860875,0.2156514972448349,0.6430602073669434,0.21580258011817932,0.7278831601142883
1701739445.8751638,0.2226129025220871,0.6166158318519592,0.21323172748088837,0.7431871294975281
1701739445.8992891,0.2172819823026657,0.6262417435646057,0.21341371536254883,0.7225663065910339
1701739445.912697,0.2196308672428131,0.6366965174674988,0.21341371536254883,0.7225663065910339
1701739445.926416,0.2206295132637024,0.6315643787384033,0.21069960296154022,0.7164210081100464
1701739445.951141,0.21921704709529877,0.6451309323310852,0.21449697017669678,0.7250487208366394
1701739445.965302,0.21896834671497345,0.6470337510108948,0.21449697017669678,0.7250487208366394
1701739445.9783921,0.21675731241703033,0.6294524669647217,0.2178250551223755,0.7325305938720703
1701739445.993272,0.2161647081375122,0.6312878131866455,0.2134149968624115,0.716144323348999
1701739446.016371,0.21584288775920868,0.6402981281280518,0.21370044350624084,0.7185103297233582
1701739446.030178,0.21622246503829956,0.6358759999275208,0.21370044350624084,0.7185103297233582
1701739446.043124,0.2241048663854599,0.630081832408905,0.21450777351856232,0.7250713109970093
1701739446.068186,0.22607091069221497,0.6344399452209473,0.21497434377670288,0.7186925411224365
1701739446.081127,0.2249739021062851,0.6440622806549072,0.21497434377670288,0.7186925411224365
1701739446.095123,0.2250433713197708,0.6386231184005737,0.2179684340953827,0.7387461066246033
1701739446.108437,0.22515185177326202,0.6292154788970947,0.21767261624336243,0.7143940329551697
1701739446.1331441,0.22783665359020233,0.6312779784202576,0.21440869569778442,0.7196325659751892
1701739446.147074,0.22587154805660248,0.630815327167511,0.21440869569778442,0.7196325659751892
1701739446.16006,0.2269151508808136,0.6370100378990173,0.22163626551628113,0.7297722697257996
1701739446.185108,0.2278485745191574,0.631304144859314,0.2206156849861145,0.7018717527389526
1701739446.1987789,0.2187010496854782,0.6211349368095398,0.2206156849861145,0.7018717527389526
1701739446.212317,0.21792739629745483,0.6355738043785095,0.21074463427066803,0.7024204730987549
1701739446.226072,0.2267221063375473,0.6362031698226929,0.20824618637561798,0.7041915655136108
1701739446.2508779,0.22074148058891296,0.6115263104438782,0.20711302757263184,0.7100303173065186
1701739446.2641091,0.2156257927417755,0.606770396232605,0.20711302757263184,0.7100303173065186
1701739446.278435,0.2197858840227127,0.6221286058425903,0.20720618963241577,0.7097799181938171
1701739446.292623,0.22111907601356506,0.6247974038124084,0.22723235189914703,0.7394106388092041
1701739446.3170292,0.22164203226566315,0.6266340613365173,0.21540503203868866,0.7353525757789612
1701739446.331311,0.22879092395305634,0.6259546279907227,0.21540503203868866,0.7353525757789612
1701739446.344525,0.22683587670326233,0.6280670166015625,0.21339814364910126,0.7220130562782288
1701739446.359214,0.2280096560716629,0.6286113858222961,0.20379923284053802,0.6999951004981995
1701739446.383208,0.23111003637313843,0.6231003999710083,0.20356766879558563,0.7008861899375916
1701739446.397453,0.22405382990837097,0.6259257197380066,0.20356766879558563,0.7008861899375916
1701739446.410665,0.22637838125228882,0.633600115776062,0.20782470703125,0.7012383937835693
1701739446.4258418,0.2313467413187027,0.6285009980201721,0.20911391079425812,0.7154778838157654
1701739446.449336,0.22880831360816956,0.6367640495300293,0.20482736825942993,0.718807578086853
1701739446.46366,0.2277202010154724,0.6408336162567139,0.20482736825942993,0.718807578086853
1701739446.476897,0.23177409172058105,0.6396655440330505,0.20336030423641205,0.7252164483070374
1701739446.502251,0.2338181883096695,0.6321929097175598,0.20512722432613373,0.7048593163490295
1701739446.5155652,0.22474467754364014,0.6447975039482117,0.20512722432613373,0.7048593163490295
1701739446.5298629,0.21715492010116577,0.6530696749687195,0.20764419436454773,0.7073509097099304
1701739446.543147,0.20917756855487823,0.6663218140602112,0.20899300277233124,0.722197949886322
1701739446.568641,0.20993690192699432,0.6564804315567017,0.20801860094070435,0.7144488096237183
1701739446.582051,0.21560607850551605,0.6089435815811157,0.20801860094070435,0.7144488096237183
1701739446.596374,0.22458994388580322,0.6158273220062256,0.20801860094070435,0.7144488096237183
1701739446.6096692,0.22769388556480408,0.6447741985321045,0.2089207023382187,0.7112149596214294
1701739446.6351318,0.22358134388923645,0.647720217704773,0.22829869389533997,0.7287773489952087
1701739446.648468,0.2187601923942566,0.6429031491279602,0.22829869389533997,0.7287773489952087
1701739446.662911,0.21493114531040192,0.6388307213783264,0.21243584156036377,0.721385657787323
1701739446.676219,0.22836363315582275,0.6265258193016052,0.20950715243816376,0.7204723358154297
1701739446.701476,0.22997203469276428,0.620995819568634,0.2043493539094925,0.7009329199790955
1701739446.714648,0.22714067995548248,0.6166265606880188,0.2043493539094925,0.7009329199790955
1701739446.72897,0.23058001697063446,0.6165895462036133,0.20325346291065216,0.7187928557395935
1701739446.742571,0.22146788239479065,0.6253509521484375,0.19491137564182281,0.7070169448852539
1701739446.767689,0.2173008769750595,0.618145227432251,0.20080916583538055,0.719348669052124
1701739446.780927,0.21643507480621338,0.6222007870674133,0.20080916583538055,0.719348669052124
1701739446.795236,0.23238953948020935,0.6316515207290649,0.2000054121017456,0.7121580839157104
1701739446.808581,0.23573219776153564,0.626986026763916,0.21172413229942322,0.7051551938056946
1701739446.833762,0.22904083132743835,0.6304680109024048,0.2058842033147812,0.7150666117668152
1701739446.8477492,0.22895924746990204,0.6245138645172119,0.2058842033147812,0.7150666117668152
1701739446.8613398,0.22776062786579132,0.6164789199829102,0.2071993499994278,0.6854423880577087
1701739446.8746932,0.2403014600276947,0.6019669771194458,0.20278024673461914,0.6824316382408142
1701739446.8998919,0.2371494621038437,0.6023120880126953,0.22118116915225983,0.7257953882217407
1701739446.914201,0.22441765666007996,0.6115249991416931,0.22118116915225983,0.7257953882217407
1701739446.9274821,0.22654268145561218,0.6170315742492676,0.20266269147396088,0.7070435285568237
1701739446.941045,0.22308601438999176,0.6168572902679443,0.20124733448028564,0.6955224871635437
1701739446.965896,0.22368252277374268,0.6180955171585083,0.21253463625907898,0.714510440826416
1701739446.980366,0.22858531773090363,0.6140612959861755,0.21253463625907898,0.714510440826416
1701739446.993666,0.22259531915187836,0.6168951988220215,0.21253463625907898,0.714510440826416
1701739447.0076768,0.21485581994056702,0.6423498392105103,0.20836879312992096,0.6996095180511475
1701739447.0323122,0.21090054512023926,0.6388712525367737,0.21016551554203033,0.7086912393569946
1701739447.046439,0.20922765135765076,0.6331647634506226,0.21016551554203033,0.7086912393569946
1701739447.1944551,0.5079120397567749,0.3951404094696045,0.46503782272338867,0.4708707928657532
1701739447.207906,0.5051872730255127,0.4094492793083191,0.46503782272338867,0.4708707928657532
1701739447.23346,0.4949885904788971,0.40928715467453003,0.47361230850219727,0.4273138642311096
1701739447.247191,0.4943711757659912,0.3992639183998108,0.47361230850219727,0.4273138642311096
1701739447.2615528,0.48916304111480713,0.39067432284355164,0.4863957166671753,0.4758293628692627
1701739447.274837,0.49316561222076416,0.3996918499469757,0.48879748582839966,0.4772249758243561
1701739447.30036,0.4973953664302826,0.4063953459262848,0.4863753020763397,0.45310166478157043
1701739447.313837,0.49908632040023804,0.39645376801490784,0.4863753020763397,0.45310166478157043
1701739447.328609,0.5013246536254883,0.39419302344322205,0.47841429710388184,0.45205292105674744
1701739447.3419032,0.5023460388183594,0.39577022194862366,0.47886037826538086,0.4366379678249359
1701739447.367199,0.5034910440444946,0.39299020171165466,0.4782566428184509,0.45358437299728394
1701739447.380609,0.49828630685806274,0.3911166191101074,0.4782566428184509,0.45358437299728394
1701739447.3953989,0.49454423785209656,0.3941139280796051,0.4804352819919586,0.45450344681739807
1701739447.408729,0.4937560558319092,0.39636340737342834,0.4826832115650177,0.4613141119480133
1701739447.434123,0.49408403038978577,0.392401784658432,0.4857444763183594,0.46168845891952515
1701739447.447584,0.49562546610832214,0.3964359760284424,0.4857444763183594,0.46168845891952515
1701739447.462344,0.49576497077941895,0.3905178904533386,0.48177993297576904,0.46218833327293396
1701739447.475847,0.4930473864078522,0.39345085620880127,0.4849519431591034,0.45841753482818604
1701739447.501549,0.4949833154678345,0.41232821345329285,0.4902707636356354,0.4293513894081116
1701739447.515094,0.4973416030406952,0.41427332162857056,0.4902707636356354,0.4293513894081116
1701739447.529858,0.49952390789985657,0.3972967267036438,0.4888182282447815,0.4416147470474243
1701739447.543367,0.5052655935287476,0.3871520161628723,0.4924536645412445,0.44766291975975037
1701739447.558454,0.5034475326538086,0.3915976285934448,0.48785868287086487,0.44226184487342834
1701739447.582496,0.4961426258087158,0.39224934577941895,0.4885885417461395,0.44186922907829285
1701739447.597326,0.4986194372177124,0.3858378529548645,0.4885885417461395,0.44186922907829285
1701739447.610882,0.49730539321899414,0.39501920342445374,0.48194682598114014,0.4314189553260803
1701739447.625062,0.4941180348396301,0.39949294924736023,0.4839690327644348,0.4311544895172119
1701739447.650165,0.496347576379776,0.3906562030315399,0.4792242646217346,0.45469099283218384
1701739447.664595,0.49863776564598083,0.3886653482913971,0.4792242646217346,0.45469099283218384
1701739447.677363,0.4993770718574524,0.38770681619644165,0.48506391048431396,0.44277817010879517
1701739447.692203,0.5005959272384644,0.38511088490486145,0.4893069267272949,0.4402119219303131
1701739447.707338,0.4990030825138092,0.38861218094825745,0.48697733879089355,0.4544132649898529
1701739447.7313101,0.49264758825302124,0.3895881175994873,0.4868612289428711,0.4330369234085083
1701739447.745761,0.4938623309135437,0.39545637369155884,0.4868612289428711,0.4330369234085083
1701739447.759312,0.49672436714172363,0.4009907841682434,0.48976847529411316,0.4376348555088043
1701739447.7742689,0.49903082847595215,0.3909365236759186,0.49139419198036194,0.44761618971824646
1701739447.798761,0.49828651547431946,0.3984435498714447,0.49236631393432617,0.44419974088668823
1701739447.813616,0.49268415570259094,0.40162813663482666,0.49236631393432617,0.44419974088668823
1701739447.827362,0.49300020933151245,0.38604503870010376,0.49232372641563416,0.45329633355140686
1701739447.840707,0.4886903464794159,0.3966328501701355,0.49100691080093384,0.45397132635116577
1701739447.866105,0.4890073239803314,0.4013702869415283,0.4903503954410553,0.461584210395813
1701739447.880228,0.4964037239551544,0.39537614583969116,0.4903503954410553,0.461584210395813
1701739447.8945038,0.5026717782020569,0.3996029198169708,0.4876032769680023,0.44065412878990173
1701739447.908109,0.5003190636634827,0.40859198570251465,0.486820787191391,0.44576194882392883
1701739447.934114,0.4982680380344391,0.4230366349220276,0.4885886311531067,0.45065417885780334
1701739447.947545,0.5009540915489197,0.41199949383735657,0.4885886311531067,0.45065417885780334
1701739448.51342,0.4979851245880127,0.4121934175491333,0.4983542263507843,0.4974883198738098
1701739448.5134678,0.5029200911521912,0.41278016567230225,0.4983542263507843,0.4974883198738098
1701739448.513493,0.5042620301246643,0.4038267731666565,0.4983542263507843,0.4974883198738098
1701739448.513522,0.4997588098049164,0.40145406126976013,0.4983542263507843,0.4974883198738098
1701739448.513543,0.497565895318985,0.3984315097332001,0.4983542263507843,0.4974883198738098
1701739448.5135639,0.4977623522281647,0.40846794843673706,0.4983542263507843,0.4974883198738098
1701739448.5135849,0.4985121786594391,0.40202316641807556,0.4983542263507843,0.4974883198738098
1701739448.5136058,0.5020812153816223,0.40121009945869446,0.4983542263507843,0.4974883198738098
1701739448.513634,0.5071225166320801,0.4135778844356537,0.4983542263507843,0.4974883198738098
1701739448.51366,0.506852388381958,0.40157803893089294,0.4983542263507843,0.4974883198738098
1701739448.51368,0.5096277594566345,0.401500940322876,0.4983542263507843,0.4974883198738098
1701739448.5137,0.5077182650566101,0.4109691381454468,0.4983542263507843,0.4974883198738098
1701739448.51372,0.5021520853042603,0.40614792704582214,0.4983542263507843,0.4974883198738098
1701739448.513741,0.5005648136138916,0.40081119537353516,0.4983542263507843,0.4974883198738098
1701739448.513762,0.5005507469177246,0.39501291513442993,0.4983542263507843,0.4974883198738098
1701739448.513782,0.5040851831436157,0.40224769711494446,0.4983542263507843,0.4974883198738098
1701739448.513803,0.5037480592727661,0.4159718155860901,0.4983542263507843,0.4974883198738098
1701739448.513823,0.5079894065856934,0.4052445590496063,0.4983542263507843,0.4974883198738098
1701739448.513843,0.5060890913009644,0.406228631734848,0.4983542263507843,0.4974883198738098
1701739448.5138628,0.5035344362258911,0.41277793049812317,0.4983542263507843,0.4974883198738098
1701739448.513886,0.5008110404014587,0.4055343568325043,0.4983542263507843,0.4974883198738098
1701739448.513906,0.4991512894630432,0.40422385931015015,0.4983542263507843,0.4974883198738098
1701739448.5139258,0.4956112504005432,0.41337892413139343,0.4983542263507843,0.4974883198738098
1701739448.513946,0.49102678894996643,0.4129483699798584,0.4983542263507843,0.4974883198738098
1701739448.513966,0.49855437874794006,0.40744373202323914,0.4983542263507843,0.4974883198738098
1701739448.513986,0.49855437874794006,0.40744373202323914,0.4983542263507843,0.4974883198738098
1701739448.514008,0.5010148286819458,0.4248860776424408,0.4983542263507843,0.4974883198738098
1701739448.514028,0.5021839141845703,0.42458295822143555,0.4983542263507843,0.4974883198738098
1701739448.514048,0.4981943368911743,0.41720831394195557,0.4983542263507843,0.4974883198738098
1701739448.514068,0.4960593581199646,0.4157758057117462,0.4983542263507843,0.4974883198738098
1701739448.514088,0.49973148107528687,0.419557124376297,0.4983542263507843,0.4974883198738098
1701739448.514108,0.5023084282875061,0.4214383065700531,0.4983542263507843,0.4974883198738098
1701739448.514127,0.498446524143219,0.41108763217926025,0.4983542263507843,0.4974883198738098
1701739448.514147,0.491708368062973,0.4136127829551697,0.4983542263507843,0.4974883198738098
1701739448.652551,0.4961649179458618,0.42086052894592285,0.4918968677520752,0.46049103140830994
1701739448.6525838,0.5062741637229919,0.41851839423179626,0.4918968677520752,0.46049103140830994
1701739448.652607,0.5110080242156982,0.4092501997947693,0.4918968677520752,0.46049103140830994
1701739448.6526341,0.5202940106391907,0.39385986328125,0.4918968677520752,0.46049103140830994
1701739448.652656,0.5849085450172424,0.3389081060886383,0.4918968677520752,0.46049103140830994
1701739448.6526778,0.5819565653800964,0.3345853090286255,0.4918968677520752,0.46049103140830994
1701739448.6527,0.582646906375885,0.3346996605396271,0.4918968677520752,0.46049103140830994
1701739448.6527228,0.5893842577934265,0.3407730460166931,0.4918968677520752,0.46049103140830994
1701739448.663713,0.5900710821151733,0.33632898330688477,0.4918968677520752,0.46049103140830994
