Timestamp,Right_X,Right_Y,Left_X,Left_Y,Fixation_Start,Fixation_End
1699222498.494751,0.5278039574623108,0.4594732224941254,0.525496780872345,0.4696015417575836,False,False
1699222498.511925,0.5265393257141113,0.4625518620014191,0.525496780872345,0.4696015417575836,False,False
1699222498.5278342,0.5294247269630432,0.4570419788360596,0.529354989528656,0.4738828539848328,False,False
1699222498.5451849,0.5275075435638428,0.4600397944450378,0.5272760987281799,0.483551025390625,False,False
1699222498.561146,0.5316377878189087,0.4620327055454254,0.5247350931167603,0.4764909744262695,False,False
1699222498.5787811,0.5358023047447205,0.4680953323841095,0.5210438966751099,0.4872379004955292,False,False
1699222498.594486,0.5292931795120239,0.4846181273460388,0.5231752991676331,0.497218132019043,False,False
1699222498.6118028,0.5268246531486511,0.4809597432613373,0.5196918845176697,0.493125319480896,True,False
1699222498.627882,0.5282814502716064,0.4731845557689667,0.522941529750824,0.4936677813529968,False,False
1699222498.645026,0.5277841687202454,0.4665008783340454,0.5322543978691101,0.4844858944416046,False,False
1699222498.6614988,0.5328585505485535,0.4693699181079865,0.5247763395309448,0.4844012558460236,False,False
1699222498.6787949,0.530288577079773,0.4748961627483368,0.5244042873382568,0.4936448335647583,False,False
1699222498.694572,0.5293180346488953,0.4758895635604858,0.5204542279243469,0.4953413605690002,False,False
1699222498.7117212,0.5280069708824158,0.4666663706302643,0.519142746925354,0.5046498775482178,False,False
1699222498.727808,0.5252670645713806,0.4686166048049927,0.5248715281486511,0.4983877241611481,False,False
1699222498.745147,0.5308074355125427,0.4783731400966644,0.5193938612937927,0.4861441254615784,False,False
1699222498.76107,0.5408501625061035,0.4718118607997894,0.5193370580673218,0.502815842628479,False,False
1699222498.778434,0.5421016216278076,0.4664290249347687,0.5217788219451904,0.5140553116798401,False,False
1699222498.79454,0.5396711826324463,0.4718593060970306,0.5234438180923462,0.5075727105140686,False,False
1699222498.8115199,0.5400918126106262,0.4628894925117493,0.5260180234909058,0.5060990452766418,False,True
1699222498.827724,0.5432863831520081,0.44255873560905457,0.5312790274620056,0.5063057541847229,False,False
1699222498.844856,0.5390031933784485,0.44767022132873535,0.5301892161369324,0.4970377087593079,False,False
1699222498.8610651,0.536047101020813,0.4541533589363098,0.5317829847335815,0.494987815618515,False,False
1699222498.878078,0.5449731349945068,0.4548776149749756,0.5278484821319579,0.4921722412109375,False,False
1699222498.8941221,0.5647661089897156,0.4371767640113831,0.5341479182243347,0.4973780810832977,False,False
1699222498.911525,0.5753083825111389,0.4215934872627258,0.5486881732940674,0.4970004260540009,False,False
1699222498.927619,0.5672330260276794,0.42367056012153625,0.5579224228858948,0.4747743904590607,False,False
1699222498.944973,0.5666608214378357,0.4258577227592468,0.5587860345840454,0.4683796763420105,False,False
1699222498.960897,0.5671090483665466,0.4364359676837921,0.5628661513328552,0.473797470331192,False,False
1699222498.9782212,0.9389982223510742,0.038941454142332084,0.6250702738761902,0.410342276096344,False,False
1699222498.994174,0.9450990557670592,0.05552222952246666,0.8213167786598206,0.14095675945281982,False,False
1699222499.0115519,0.9489764571189879,0.06984730064868927,0.8878411054611206,0.06900618225336075,False,False
1699222499.027703,0.939225435256958,0.07203874737024307,0.9148507714271544,0.08314593136310577,False,False
1699222499.0451431,0.9391120672225952,0.06655900180339812,0.9147035479545592,0.08735822141170503,False,False
1699222499.0609634,0.9415161609649658,0.07459234446287155,0.910109043121338,0.07941289246082306,False,False
1699222499.0783,0.9403037428855896,0.08440635353326797,0.9138250946998596,0.07151220738887787,False,False
1699222499.094312,0.9416252374649048,0.07264376431703568,0.9206801652908324,0.08255818486213684,False,False
1699222499.111406,0.9345411658287048,0.06487857550382614,0.917097508907318,0.08381011337041855,False,False
1699222499.1275089,0.9342735409736632,0.06970196962356567,0.9177441000938416,0.07718504965305327,False,False
1699222499.1448169,0.9405664205551147,0.0757002979516983,0.9192273020744324,0.07224594056606293,False,False
1699222499.161033,0.9381118416786194,0.07781404256820679,0.9332806468009948,0.04861469939351082,False,False
1699222499.177825,0.938959002494812,0.0673184022307396,0.9299554824829102,0.06428491324186325,True,False
1699222499.1939788,0.9395501017570496,0.06810243427753447,0.918695032596588,0.06597765535116196,False,False
1699222499.211519,0.9416221976280212,0.08514994382858276,0.9156392812728882,0.05154196545481682,False,False
1699222499.227314,0.9386160373687744,0.0853298231959343,0.9211692214012146,0.04791057854890824,False,False
1699222499.244739,0.9347532391548156,0.07188171148300171,0.9211692214012146,0.04791057854890824,False,False
1699222499.2606301,0.9416670203208924,0.06937544047832489,0.9216590523719788,0.045503269881010056,False,False
1699222499.27795,0.9390107989311218,0.07032554596662521,0.9216590523719788,0.045503269881010056,False,False
1699222499.2940214,0.937281847000122,0.07023327797651291,0.9213356971740724,0.054347671568393714,False,False
1699222499.311481,0.9392724037170409,0.07398740947246553,0.9213356971740724,0.054347671568393714,False,False
1699222499.327192,0.9418433904647828,0.07107891142368318,0.9256685972213744,0.06278059631586075,False,False
1699222499.344667,0.9414870738983154,0.07348674535751343,0.9256685972213744,0.06278059631586075,False,False
1699222499.3606699,0.9354038834571838,0.07850237935781479,0.9222578406333924,0.06411860883235931,False,False
1699222499.3778038,0.933893084526062,0.081890769302845,0.9222578406333924,0.06411860883235931,False,False
1699222499.394521,0.9354981184005736,0.08355270326137543,0.9180351495742798,0.08126241713762282,False,False
1699222499.411364,0.940055012702942,0.09152092039585114,0.9188256859779358,0.08055862784385681,False,False
1699222499.427326,0.9391993880271912,0.09319138526916504,0.9280825853347778,0.07650680094957353,False,False
1699222499.44478,0.9388830065727234,0.07557833939790726,0.9323611855506896,0.07498932629823685,False,True
1699222499.460613,0.9384025931358336,0.06451099365949631,0.9252392053604126,0.06329347938299179,False,False
1699222499.478236,0.9343093633651732,0.07302166521549225,0.9252392053604126,0.06329347938299179,False,False
1699222499.4939241,0.937577188014984,0.07834899425506593,0.9193480014801024,0.04455415159463882,False,False
1699222499.51155,0.9416444897651672,0.0708215981721878,0.9193480014801024,0.04455415159463882,False,False
1699222499.5270429,0.9432125091552734,0.07540477067232132,0.9238544702529908,0.07337205857038498,False,False
1699222499.544456,0.9392672181129456,0.09438812732696532,0.9238544702529908,0.07337205857038498,False,False
1699222499.560433,0.9342408776283264,0.09158150106668472,0.9304575324058532,0.05377277731895447,False,False
1699222499.578101,0.8449216485023499,0.04551492258906365,0.9304575324058532,0.05377277731895447,False,False
1699222499.5939982,0.6462092995643616,-0.0002566799230407924,0.6853360533714294,-0.003202577354386449,False,False
1699222499.610066,0.4982579946517944,-0.016639089211821556,0.5936936140060425,-0.02558640949428081,False,False
1699222499.626888,0.10344111174345016,0.09595870226621628,0.3997838497161865,-0.07294919341802597,False,False
1699222499.644161,0.1050477847456932,0.09366687387228012,0.08209095150232315,0.07158130407333374,False,False
1699222499.660558,0.09768563508987428,0.07969508320093155,0.08639338612556458,0.06788644194602966,False,False
1699222499.6780686,0.09600189328193663,0.0750095322728157,0.0877629742026329,0.06671026349067688,False,False
1699222499.6938171,0.10119043290615083,0.08959022909402847,0.09930764138698578,0.08266884833574295,False,False
1699222499.711106,0.09948164969682692,0.09621408581733704,0.10079558193683624,0.08187741786241531,True,False
1699222499.7272918,0.09840570390224457,0.09516079723834993,0.09674347192049026,0.08446767926216125,False,False
1699222499.744738,0.10307180136442183,0.08648739010095596,0.0922800824046135,0.0957246869802475,False,False
1699222499.7604392,0.10477758198976517,0.08655281364917755,0.08811987936496735,0.09225907921791077,False,False
1699222499.7776818,0.0969676673412323,0.09200878441333772,0.09070518612861632,0.07960083335638046,False,False
1699222499.7935538,0.0970323607325554,0.09164499491453172,0.0904613584280014,0.08746873587369919,False,False
1699222499.811041,0.09724170714616777,0.08416202664375305,0.08830275386571884,0.09186679124832152,False,False
1699222499.827035,0.09562164545059204,0.07804892212152481,0.09718744456768036,0.0826185941696167,False,False
1699222499.844566,0.09892278909683228,0.07477749139070511,0.09569431841373444,0.07964953035116196,False,False
1699222499.860151,0.09949742257595062,0.07515820860862732,0.09065324068069458,0.0700613334774971,False,False
1699222499.877694,0.10219599306583403,0.08241604268550873,0.09075319021940233,0.07037992775440216,False,False
1699222499.8935971,0.10576508939266203,0.08092190325260162,0.08270841091871263,0.08714938163757324,False,True
1699222499.911058,0.09091326594352722,0.08708741515874863,0.09057176858186723,0.10261206328868866,False,False
1699222499.9271636,0.09309520572423936,0.08997367322444916,0.09156797081232072,0.10509505122900008,False,False
1699222499.9441981,0.09435334801673888,0.08862116932868958,0.08495736867189407,0.09530863165855408,False,False
1699222499.960392,0.09748992323875427,0.08822648227214812,0.0938154086470604,0.090553380548954,False,False
1699222499.977675,0.09639135748147963,0.08428482711315155,0.09487085044384004,0.10232847183942796,False,False
1699222499.9932966,0.0935577005147934,0.08321329951286316,0.09805946052074432,0.09354528039693832,False,False
1699222500.0108511,0.0968114286661148,0.08315073698759079,0.09951452165842056,0.07283740490674973,False,False
1699222500.026897,0.09938285499811172,0.08597265928983687,0.09157342463731766,0.07362866401672362,True,False
1699222500.044408,0.10004112869501114,0.0949777290225029,0.09229027479887007,0.08445891737937927,False,False
1699222500.06021,0.09760425239801407,0.0940219908952713,0.0934399589896202,0.09494323283433914,False,False
1699222500.077674,0.0903688371181488,0.08551540970802307,0.0981014147400856,0.10327115654945374,False,False
1699222500.093437,0.093422569334507,0.09434036910533904,0.10108818113803864,0.10760749876499176,False,False
1699222500.1107051,0.10186393558979034,0.09837771207094193,0.09693097323179244,0.09287721663713457,False,False
1699222500.126852,0.09878632426261902,0.0935717597603798,0.0906919464468956,0.08214987069368362,False,False
1699222500.14405,0.0949137806892395,0.08835018426179886,0.09597718715667723,0.0745200663805008,False,False
1699222500.159997,0.09729407727718352,0.09429869800806047,0.09758787602186204,0.0702754333615303,False,False
1699222500.1775448,0.1047113686800003,0.09879998117685318,0.0929422453045845,0.07638458907604218,False,False
1699222500.193274,0.10531139373779297,0.08746977150440216,0.09257412701845168,0.08602561056613922,False,False
1699222500.210649,0.10408356040716173,0.08924303203821182,0.09257412701845168,0.08602561056613922,False,False
1699222500.226249,0.10153073817491533,0.08451521396636963,0.08962644636631012,0.08191919326782228,False,False
1699222500.2439911,0.09990465641021727,0.0891885906457901,0.08962644636631012,0.08191919326782228,False,True
1699222500.259416,0.10313820838928224,0.09623365104198456,0.09667730331420897,0.09335333853960036,False,False
1699222500.277251,0.09391428530216216,0.08799789100885391,0.09667730331420897,0.09335333853960036,False,False
1699222500.2933571,0.06906209886074066,0.08013714104890822,0.09504440426826476,0.0937424972653389,False,False
1699222500.3106382,0.04758656397461891,0.07115880399942398,0.0749625712633133,0.09219730645418167,False,False
1699222500.3265731,0.053227555006742484,0.06899643689393997,0.03396977484226227,0.07837630808353424,False,False
1699222500.343999,0.04924645647406578,0.0613238774240017,0.037971630692482,0.08291241526603699,True,False
1699222500.35972,0.048187922686338425,0.06495484709739685,0.03951577469706535,0.08015955984592438,False,False
1699222500.3774312,0.04748011752963066,0.0703081339597702,0.04066823795437813,0.07103291898965836,False,False
1699222500.3930318,0.046519845724105835,0.0702623501420021,0.042004682123661034,0.0696554109454155,False,False
1699222500.41056,0.049299705773592,0.07632598280906677,0.042004682123661034,0.0696554109454155,False,False
1699222500.426597,0.04627421125769615,0.0735032707452774,0.04499008506536484,0.07059641927480698,False,False
1699222500.4438589,0.05241044238209725,0.06975901126861572,0.04499008506536484,0.07059641927480698,False,False
1699222500.459247,0.0628894492983818,0.07186901569366455,0.042882028967142105,0.06315924972295761,False,False
1699222500.477267,0.06798508018255234,0.07390046864748001,0.042882028967142105,0.06315924972295761,False,False
1699222500.4932618,0.0604005940258503,0.06929101794958115,0.04778345674276352,0.07538600265979767,False,False
1699222500.510656,0.05418359488248825,0.06100551784038544,0.04730261117219925,0.07966908067464827,False,False
1699222500.5260289,0.05498164147138596,0.05907826870679855,0.041791584342718124,0.07502330839633943,False,False
1699222500.5437222,0.052952662110328674,0.06634750962257385,0.04031570628285408,0.06912826001644135,False,False
1699222500.559883,0.05831897631287575,0.07193302363157272,0.05007316172122955,0.06000960245728493,False,False
1699222500.5774534,0.05859646946191788,0.06732208281755447,0.05678920820355415,0.05141716450452805,False,False
1699222500.5927732,0.055651776492595666,0.06527090817689896,0.05134102702140808,0.06122967600822449,False,False
1699222500.6103349,0.05408792942762375,0.06506957113742827,0.042986612766981125,0.07286326587200165,False,False
1699222500.6265864,0.05211688205599785,0.07020045816898346,0.05179475620388985,0.07537126541137695,False,False
1699222500.643898,0.0544387586414814,0.07492703944444656,0.05651797354221344,0.0761948823928833,False,False
1699222500.659473,0.05410661920905113,0.07123544812202454,0.052998632192611694,0.08629599213600159,False,False
1699222500.677196,0.051484260708093636,0.0638803094625473,0.0469781868159771,0.0893113911151886,False,False
1699222500.6929338,0.05172394588589668,0.07122524082660675,0.03900761157274246,0.06575098633766174,False,False
1699222500.7104902,0.051470428705215454,0.08457967638969421,0.03900761157274246,0.06575098633766174,False,False
1699222500.726136,0.05270552262663841,0.08248340338468553,0.04455259069800377,0.07790642976760864,False,False
1699222500.7437859,0.05725684389472008,0.0760953351855278,0.04455259069800377,0.07790642976760864,False,False
1699222500.759554,0.05350838601589203,0.07075805962085724,0.048032548278570175,0.0738258883357048,False,False
1699222500.777097,0.05565977841615677,0.06925874948501587,0.048032548278570175,0.0738258883357048,False,False
1699222500.7929509,0.057988442480564124,0.0791141465306282,0.05365744233131409,0.07291309535503387,False,False
1699222500.8113122,0.060734421014785774,0.08447930216789246,0.05396504327654839,0.08014427870512009,False,False
1699222500.826518,0.05931743979454041,0.07490044832229614,0.05138784274458885,0.07999511808156967,False,True
1699222500.843689,0.05853772908449172,0.06269122660160065,0.0587717741727829,0.060644343495368964,False,False
1699222500.8597894,0.061689425259828574,0.0715954601764679,0.06682800501585008,0.061180643737316125,False,False
1699222500.877166,0.052854541689157486,0.0818086788058281,0.06304619461297989,0.079071044921875,False,False
1699222500.8931868,0.05102577805519104,0.07526581734418869,0.05496685206890106,0.09051963686943054,True,False
1699222500.910367,0.056813474744558334,0.0723196342587471,0.054574735462665565,0.08177939057350159,False,False
1699222500.9264212,0.05420789495110512,0.08033901453018187,0.05596129223704338,0.07568447291851044,False,False
1699222500.9434881,0.049612481147050864,0.07496327906847,0.05462013930082321,0.08709635585546494,False,False
1699222500.959358,0.04878658428788185,0.06957109272480011,0.05891372635960579,0.08639491349458693,False,False
1699222500.9768949,0.04575325176119805,0.06969282776117325,0.0582435354590416,0.08064516633749008,False,False
1699222500.9924529,0.04834390804171562,0.0620870292186737,0.048026610165834434,0.0726398229598999,False,False
1699222501.0102491,0.05495098605751991,0.06271371245384216,0.048026610165834434,0.0726398229598999,False,False
1699222501.026122,0.05736129730939865,0.06626307219266891,0.04939046874642372,0.07684233784675598,False,False
1699222501.043591,0.058180369436740875,0.06538493931293488,0.05428262427449226,0.08561694622039795,False,False
1699222501.0592382,0.0581367053091526,0.06889118254184723,0.058217655867338174,0.08637817203998566,False,True
1699222501.076708,0.09842848777770996,0.08629458397626877,0.05523352324962616,0.07796618342399597,False,False
1699222501.091754,0.14510202407836914,0.09447439014911653,0.11560820788145065,0.10080225020647048,False,False
1699222501.1095538,0.5917394161224365,0.4357505440711975,0.11560820788145065,0.10080225020647048,False,False
1699222501.1255322,0.5917394161224365,0.4357505440711975,0.5203253626823425,0.4117747843265533,False,False
1699222501.143242,0.866881787776947,0.7125626206398009,0.5994859933853149,0.4573752582073212,False,False
1699222501.159116,0.9068027138710022,0.7709762454032898,0.7645097970962524,0.6285289525985718,False,False
1699222501.1766882,0.9420501589775084,0.8597306609153748,0.8117580413818359,0.7209837436676025,False,False
1699222501.1927881,0.9307479262351991,0.9294217824935912,0.9083626866340636,0.9227349162101746,False,False
1699222501.2099972,0.9198011159896852,0.925121247768402,0.9111618995666504,0.9270356893539428,False,False
1699222501.2257788,0.9121571183204652,0.9323874711990356,0.9106112122535706,0.9386293292045592,False,False
1699222501.243202,0.9062436819076538,0.9391964077949524,0.9069803953170776,0.9319292902946472,False,False
1699222501.2595198,0.9075759053230286,0.930041253566742,0.9040209650993348,0.9260030388832092,False,False
1699222501.2766461,0.908423125743866,0.9258877635002136,0.906572163105011,0.9409812688827516,False,False
1699222501.29355,0.9060491919517516,0.9330840706825256,0.9155678749084472,0.9362854957580566,False,False
1699222501.310516,0.9040462374687196,0.9300371408462524,0.9215767979621888,0.9250651597976683,False,False
1699222501.327532,0.9093154072761536,0.9129665493965148,0.8920899033546448,0.943907916545868,False,False
1699222501.3437119,0.9131435751914978,0.911169409751892,0.9060483574867249,0.9355291128158568,False,False
1699222501.360665,0.913407564163208,0.9109249711036682,0.9165759682655334,0.9310712814331056,False,False
1699222501.3776429,0.9109600782394408,0.9171790480613708,0.918599247932434,0.9273279309272766,False,False
1699222501.3923998,0.9045957326889038,0.9265397191047668,0.9112437963485718,0.9312400817871094,False,False
1699222501.410008,0.9061679244041444,0.929211676120758,0.8994757533073425,0.9425525069236756,False,False
1699222501.425725,0.9149353504180908,0.9272391200065612,0.9152594804763794,0.9508741497993468,False,False
1699222501.443201,0.9150002598762512,0.9273301362991332,0.9152594804763794,0.9508741497993468,False,False
1699222501.45927,0.9117909073829652,0.9284194707870485,0.8973501920700073,0.9379434585571288,False,False
1699222501.4764311,0.9103006720542908,0.9313401579856871,0.9114829301834106,0.9371851682662964,False,False
1699222501.49255,0.9261512756347656,0.9257591366767884,0.9209674000740052,0.9393041729927064,False,False
1699222501.509758,0.945061981678009,0.9264702200889589,0.9409229755401612,0.9422551393508912,False,False
1699222501.5259454,0.9570430517196656,0.9320827126502992,0.9518057703971864,0.9386212825775146,False,False
1699222501.543055,0.9626760482788086,0.93416166305542,0.9659306406974792,0.931852638721466,False,False
1699222501.559225,0.9627196788787842,0.9444442987442015,0.9717513918876648,0.9303972721099854,False,False
1699222501.576267,0.9640777111053468,0.951715648174286,0.9683058857917786,0.9370152950286864,False,False
1699222501.5921226,0.9644557237625122,0.9543173313140868,0.9675038456916808,0.9406933784484864,False,False
1699222501.609479,0.9614968299865724,0.9494396448135376,0.9665684700012208,0.9346707463264464,False,False
1699222501.625518,0.9553192257881165,0.9467612504959106,0.9659054279327391,0.9337975382804872,False,False
1699222501.6426082,0.9512088298797609,0.9486512541770936,0.9781865477561952,0.9364190697669984,False,False
1699222501.658582,0.9541276693344116,0.9492782354354858,0.9805735349655152,0.9381790161132812,False,False
1699222501.676159,0.9560404419898988,0.9421559572219848,0.9619690775871276,0.9415938854217528,False,False
1699222501.692108,0.962408483028412,0.9321988821029664,0.9725846648216248,0.9337176680564879,False,False
1699222501.709399,0.9615416526794434,0.9344410300254822,0.976450264453888,0.9328408241271972,False,False
1699222501.7257788,0.9592064023017884,0.9321236610412598,0.9757111072540284,0.9312925338745116,False,False
1699222501.7425852,0.9532660841941832,0.9164468050003052,0.9748533964157104,0.9282625317573548,False,False
1699222501.758848,0.9499540925025941,0.9176874160766602,0.9727969765663148,0.9334591627120972,False,False
1699222501.7761366,0.962505340576172,0.9337781667709352,0.979236900806427,0.948007106781006,False,False
1699222501.792141,0.9660552144050598,0.9456518888473512,0.9773320555686952,0.946573793888092,False,False
1699222501.8093722,0.9564354419708252,0.9443601369857788,0.969736397266388,0.9433576464653016,False,False
1699222501.82545,0.9559559226036072,0.9332010746002196,0.9656935930252076,0.9460361003875732,False,False
1699222501.842644,0.9624669551849364,0.9288153648376464,0.963105320930481,0.9517203569412231,False,False
1699222501.858685,0.9699153304100036,0.9285821318626404,0.9783498048782348,0.9491570591926576,False,False
1699222501.875951,0.979839324951172,0.9401974081993104,0.9972839951515198,0.9378661513328552,False,False
1699222501.891659,0.9834827780723572,0.9612847566604614,1.0059647560119631,0.9352905750274658,False,False
1699222501.909334,0.9771255850791932,0.9735704660415648,1.004031777381897,0.9344061017036438,False,False
1699222501.9255626,0.9754236340522766,0.963554620742798,1.0108205080032349,0.9273656010627748,False,False
1699222501.942684,0.9752117395401,0.9470033049583436,1.011897087097168,0.9418271780014038,False,False
1699222501.958884,0.9781449437141418,0.9473616480827332,0.9973965287208556,0.945020079612732,False,False
1699222501.976021,0.9797510504722596,0.9473807811737059,0.9862434267997742,0.9322385787963868,False,False
1699222501.9917078,0.9805485606193542,0.9395946264266968,0.9831469655036926,0.930683732032776,False,False
1699222502.009203,0.9752542972564696,0.9466773271560668,0.9769147634506226,0.9302717447280884,False,False
1699222502.0255556,0.9723958373069764,0.946272909641266,0.9787469506263732,0.945530891418457,False,False
1699222502.042509,0.9861949682235718,0.941481590270996,0.9893650412559508,0.9432100057601928,False,False
1699222502.058609,0.9904540181159972,0.9391019344329834,0.9953721165657043,0.9476341009140016,False,False
1699222502.0758169,0.9719011783599854,0.7608510255813599,1.003337025642395,0.944483995437622,False,False
1699222502.092012,0.953884780406952,0.5713523626327515,0.9637774825096129,0.7639217972755432,False,False
1699222502.109126,0.9239044189453124,0.30205130577087397,0.9145976901054382,0.5968446135520935,False,False
1699222502.1253374,0.9161638617515564,0.2938367426395416,0.896373450756073,0.3212563991546631,False,False
1699222502.142682,0.903713881969452,0.2920643389225006,0.8944964408874512,0.3134811520576477,False,False
1699222502.158338,0.8944492340087891,0.3027200400829315,0.8964439630508423,0.3033566474914551,False,False
1699222502.1758778,0.906873881816864,0.29490283131599426,0.899773895740509,0.3034879267215729,False,False
1699222502.1918721,0.9094337821006776,0.2979799807071686,0.9077391028404236,0.3005379140377045,False,False
1699222502.209285,0.9021272063255309,0.3144052922725677,0.904133439064026,0.30584609508514404,False,False
1699222502.225091,0.9036851525306702,0.31679028272628784,0.9055390357971193,0.3152066171169281,False,False
1699222502.242698,0.9097410440444946,0.3060007393360138,0.9102712273597716,0.3171314299106598,False,False
1699222502.258795,0.914092481136322,0.3005838394165039,0.8915631175041199,0.3031499683856964,False,False
1699222502.275894,0.9109071493148804,0.3126571774482727,0.90384703874588,0.3009354770183563,True,False
1699222502.2918668,0.9083391427993774,0.3222129642963409,0.908935248851776,0.3077107071876526,False,False
1699222502.309241,0.912413477897644,0.31663644313812256,0.900465726852417,0.3148318827152252,False,False
1699222502.3253472,0.912897765636444,0.3132857382297516,0.9037808775901794,0.3279536068439484,False,False
1699222502.342664,0.9166747927665709,0.31740233302116394,0.9135060906410216,0.3120967149734497,False,False
1699222502.358335,0.9146390557289124,0.3203856348991394,0.9143320918083192,0.3016521632671356,False,False
1699222502.375777,0.9106862545013428,0.312000572681427,0.905314803123474,0.3096056580543518,False,False
1699222502.391732,0.9094812273979188,0.30667412281036377,0.9138815999031068,0.30557867884635925,False,False
1699222502.409111,0.9074609279632568,0.3089232444763184,0.91258043050766,0.310629278421402,False,False
1699222502.4251661,0.9113510847091676,0.3081940710544586,0.9093843698501588,0.313505619764328,False,False
1699222502.442389,0.9097871780395508,0.3120613694190979,0.9082908630371094,0.310651034116745,False,False
1699222502.4584448,0.9140174388885498,0.3033665716648102,0.8956563472747803,0.3106924593448639,False,False
1699222502.475595,0.9114165902137756,0.3009808659553528,0.907710075378418,0.3079214692115784,False,False
1699222502.49176,0.9075915217399596,0.30217957496643066,0.906800091266632,0.29853352904319763,False,True
1699222502.5088909,0.912629246711731,0.2862770259380341,0.900574266910553,0.2922186553478241,False,False
1699222502.5251892,0.9116116762161256,0.2933782041072845,0.9091448783874512,0.3027946352958679,True,False
1699222502.542372,0.9204708337783812,0.3051948845386505,0.9085028171539308,0.308784544467926,False,False
1699222502.558536,0.9288877248764038,0.3084535896778107,0.9118583202362059,0.3059141933917999,False,False
1699222502.575634,0.9193086028099059,0.3091926872730255,0.9128485918045044,0.30506768822669983,False,False
1699222502.591775,0.9134592413902284,0.30232980847358704,0.9052943587303162,0.2977105677127838,False,False
1699222502.608982,0.9123901724815368,0.2993025481700897,0.9032766819000244,0.28981390595436096,False,False
1699222502.6251268,0.9113309979438782,0.292042076587677,0.9066824913024902,0.2879011034965515,False,False
1699222502.6421962,0.9127947092056274,0.2808118760585785,0.913834512233734,0.28394970297813416,False,False
1699222502.6585839,0.9120159149169922,0.2786027491092682,0.922070562839508,0.28837230801582336,False,False
1699222502.6755998,0.9131093025207521,0.28036025166511536,0.9190241694450378,0.29441070556640625,False,False
1699222502.692159,0.9169427752494812,0.28655120730400085,0.9139190912246704,0.2992311716079712,False,True
1699222502.7086759,0.774585485458374,0.3300627171993256,0.9131088852882384,0.3078633546829224,False,False
1699222502.7248778,0.5592465400695801,0.391825407743454,,,False,False
1699222502.741882,0.4254606664180756,0.4400116503238678,,,False,False
1699222502.75866,0.1463933140039444,0.5162239074707031,0.13353854417800906,0.5967378616333008,False,False
1699222502.775579,0.16197550296783447,0.5445463657379149,0.13353854417800906,0.5967378616333008,False,False
1699222502.792305,0.1684006303548813,0.5537055134773254,0.13353854417800906,0.5967378616333008,False,False
1699222502.8088374,0.1599305123090744,0.557221531867981,0.13353854417800906,0.5967378616333008,False,False
1699222502.8257976,0.1596212089061737,0.5605147480964661,0.1425359696149826,0.6203171610832214,False,False
1699222502.8428118,0.15083876252174375,0.5577013492584229,0.1425359696149826,0.6203171610832214,False,False
1699222502.857342,0.1450798511505127,0.5732458829879761,0.1494249701499939,0.6106644868850708,False,False
1699222502.8763466,0.16018156707286835,0.6084107756614685,0.1494249701499939,0.6106644868850708,False,False
1699222502.893035,0.16241954267024994,0.5922299027442932,0.1448088437318802,0.6125475764274597,True,False
1699222502.909735,0.1658255010843277,0.5908408761024475,0.1448088437318802,0.6125475764274597,False,False
1699222502.9264731,0.16118082404136658,0.5877137184143066,0.14690858125686646,0.6281678080558777,False,False
1699222502.94333,0.15123051404953006,0.5820278525352478,0.14690858125686646,0.6281678080558777,False,False
1699222502.9578118,0.1582711786031723,0.5957631468772888,0.1559142917394638,0.6203737258911133,False,False
1699222502.976397,0.16475249826908112,0.5996596217155457,0.1559142917394638,0.6203737258911133,False,False
1699222502.9908962,0.16040682792663574,0.6028155684471129,0.14946967363357544,0.6036853194236755,False,False
1699222503.009938,0.14931391179561615,0.5901939272880554,0.15158936381340027,0.6064385771751404,False,False
1699222503.0242472,0.14931391179561615,0.5901939272880554,0.13861893117427826,0.5956463217735289,False,False
1699222503.0437188,0.1603061556816101,0.5948776006698608,0.1294603943824768,0.5885396599769592,False,False
1699222503.057342,0.1603061556816101,0.5948776006698608,0.1375393122434616,0.5959174633026123,False,True
1699222503.07671,0.17169490456581116,0.5559902787208557,0.14246024191379547,0.5987635850906372,False,False
1699222503.091167,0.17423240840435028,0.5453481674194336,0.14349208772182465,0.5470296740531921,False,False
1699222503.110917,0.17362342774868011,0.5358418226242065,0.14349208772182465,0.5470296740531921,False,False
1699222503.1238348,0.17046114802360535,0.5381715297698975,0.1536795049905777,0.5532534718513489,False,False
1699222503.1419034,0.16606616973876953,0.5479085445404053,0.1536795049905777,0.5532534718513489,False,False
1699222503.157703,0.16315501928329468,0.5302911996841431,0.1571822166442871,0.5506812930107117,False,False
1699222503.175369,0.16861513257026672,0.5200868248939514,0.1571822166442871,0.5506812930107117,False,False
1699222503.190603,0.1760006695985794,0.5289255380630493,0.15620997548103333,0.5657691359519958,False,False
1699222503.208361,0.16777083277702332,0.5382079482078552,0.15620997548103333,0.5657691359519958,False,False
1699222503.224349,0.1675092875957489,0.5300348997116089,0.14667226374149325,0.5603942275047302,False,False
1699222503.2419071,0.16541138291358948,0.5260398387908936,0.13942448794841766,0.5745261907577515,False,False
1699222503.257198,0.16380919516086578,0.5306550860404968,0.13902904093265533,0.5751877427101135,False,False
1699222503.274985,0.15798068046569824,0.5287622213363647,0.14615944027900696,0.5612483620643616,False,False
1699222503.290879,0.16795125603675842,0.5304910540580751,0.14585213363170624,0.5689817667007446,False,False
1699222503.30834,0.17881885170936584,0.5547913908958435,0.14585213363170624,0.5689817667007446,False,False
1699222503.324148,0.17360779643058774,0.5492832064628601,0.14246053993701935,0.5543174147605896,False,False
1699222503.3415492,0.17287085950374606,0.5274497866630554,0.14246053993701935,0.5543174147605896,False,False
1699222503.35698,0.1771041601896286,0.5338249206542969,0.1435299664735794,0.5701037645339966,False,False
1699222503.374964,0.16703960299491882,0.5422960519790649,0.1435299664735794,0.5701037645339966,False,False
1699222503.390607,0.16779136657714844,0.5463883280754089,0.14979267120361328,0.5715009570121765,False,False
1699222503.40819,0.16782470047473907,0.5509173274040222,0.14979267120361328,0.5715009570121765,False,False
1699222503.424232,0.16751082241535187,0.5337013006210327,0.14435115456581116,0.5586488842964172,False,False
1699222503.441611,0.17513631284236908,0.5247616171836853,0.14435115456581116,0.5586488842964172,False,False
1699222503.456759,0.18098235130310056,0.5342341065406799,0.14334450662136078,0.5644297003746033,False,False
1699222503.474925,0.16019205749034882,0.5478081703186035,0.14334450662136078,0.5644297003746033,False,False
1699222503.4905126,0.15943944454193115,0.5288997888565063,0.15182510018348694,0.5587510466575623,False,False
1699222503.508352,0.1644243448972702,0.5342546105384827,0.15182510018348694,0.5587510466575623,False,False
1699222503.5238366,0.16915330290794373,0.547957718372345,0.15092113614082334,0.5702525973320007,False,False
1699222503.541408,0.17104318737983704,0.5379514098167419,0.15092113614082334,0.5702525973320007,False,False
1699222503.557216,0.17109616100788114,0.5200715065002441,0.1397731602191925,0.5654922723770142,False,False
1699222503.574718,0.1686830371618271,0.5124699473381042,0.1397731602191925,0.5654922723770142,False,False
1699222503.590394,0.16832241415977478,0.5244044661521912,0.14925093948841095,0.5661808252334595,False,False
1699222503.608083,0.1741407811641693,0.5575369000434875,0.14925093948841095,0.5661808252334595,False,False
1699222503.625293,0.1764156073331833,0.5524082779884338,0.15536516904830933,0.5574007630348206,False,False
1699222503.642627,0.2384680658578873,0.4619232416152954,0.15536516904830933,0.5574007630348206,False,False
1699222503.657024,0.29314205050468445,0.3840292692184448,0.2413996011018753,0.3872203230857849,False,False
1699222503.677152,0.4045312404632568,0.10361133515834807,0.362859845161438,0.12019922584295273,False,False
1699222503.690864,0.4061568379402161,0.10948602855205536,0.362859845161438,0.12019922584295273,False,False
1699222503.708253,0.41197142004966736,0.0959128886461258,0.3715400695800781,0.11720332503318788,False,False
1699222503.724284,0.4076865017414093,0.09543750435113907,0.3757513463497162,0.10806669294834136,False,False
1699222503.741599,0.4006614089012146,0.09065969288349153,0.379249632358551,0.11005391925573348,False,False
1699222503.757188,0.4052527844905853,0.0834110900759697,0.3812709748744965,0.11267060786485672,False,False
1699222503.7748294,0.4052438139915466,0.09285884350538254,0.3720630705356598,0.11030134558677672,False,False
1699222503.790603,0.4022661447525024,0.08915907144546509,0.3660383522510529,0.11308910697698593,False,False
1699222503.8082461,0.3983120322227478,0.08135785162448883,0.3707801401615143,0.12791700661182406,False,False
1699222503.824214,0.3998821675777435,0.09729266166687013,0.3738126754760742,0.1143256053328514,False,False
1699222503.841449,0.4058654308319092,0.09892237186431883,0.3807323575019837,0.08705185353755951,False,False
1699222503.8572428,0.4079251885414124,0.08411707729101181,0.3873123526573181,0.09471769630908966,False,False
1699222503.8748422,0.40236368775367737,0.0781552717089653,0.3844089806079865,0.11954142153263092,False,False
1699222503.890481,0.40236368775367737,0.0781552717089653,0.3791133463382721,0.11426666378974915,True,False
1699222503.908195,0.3981285989284515,0.08129357546567917,0.3752099871635437,0.11164610832929613,False,False
1699222503.924133,0.4026297330856323,0.08479174226522446,0.3773019909858704,0.1163821816444397,False,False
1699222503.9412289,0.4121393859386444,0.08325833827257156,0.3772464394569397,0.11139365285634996,False,False
1699222503.957047,0.4105366468429565,0.09892428666353226,0.3817723095417023,0.10335968434810637,False,False
1699222503.974664,0.3989971876144409,0.0955268293619156,0.3828975558280945,0.0910806953907013,False,False
1699222503.9916842,0.39853981137275696,0.0895121693611145,0.3694218993186951,0.09117640554904938,False,False
1699222504.007981,0.3990888893604279,0.09986072778701782,0.3791044056415558,0.09606485068798064,False,False
1699222504.0239446,0.4002293050289154,0.09990713745355606,0.3819291591644287,0.0984136238694191,False,False
1699222504.041209,0.4086430370807648,0.1006987690925598,0.3740139603614807,0.09495312720537186,False,False
1699222504.0574248,0.4070211052894592,0.10964469611644743,0.3807295560836792,0.09069599956274033,False,False
1699222504.074707,0.40376949310302734,0.10618887841701508,0.3903769552707672,0.0867428332567215,False,True
1699222504.0906749,0.3960343599319458,0.07823532074689865,0.3920154571533203,0.07914135605096817,False,False
1699222504.1078382,0.39107897877693176,0.07968002557754518,0.3553998172283173,0.08406221121549606,False,False
1699222504.123873,0.4009261429309845,0.09624169021844864,0.21075870096683505,0.11127188056707382,False,False
1699222504.141074,0.4079354405403137,0.08257777988910675,0.4225196838378906,0.07312127202749252,False,False
1699222504.157082,0.4024468660354614,0.09374187886714937,0.3974774777889252,0.0852944478392601,False,False
1699222504.1744168,0.4053335189819336,0.10407450795173644,0.3837287127971649,0.0919777974486351,False,False
1699222504.190521,0.4053340554237366,0.09488045424222946,0.37620577216148376,0.10877864807844162,False,False
1699222504.207649,0.3985086679458618,0.09675753116607666,0.4032785296440125,0.08743510395288467,False,False
1699222504.2242231,0.4229473769664765,0.11740701645612715,0.4060060381889343,0.0882340520620346,False,False
1699222504.241148,0.5280871987342834,0.2502884268760681,0.4113139808177948,0.14404083788394928,False,False
1699222504.25804,0.5876051783561707,0.3219411373138428,0.5268115401268005,0.2914664149284363,False,False
1699222504.274752,0.5969347953796387,0.5982750058174133,0.5477258563041687,0.3246079683303833,False,False
1699222504.291531,0.5998829007148743,0.6101251244544983,0.6010909080505371,0.6308753490447998,False,False
1699222504.30813,0.6102898120880127,0.6408242583274841,0.6010909080505371,0.6308753490447998,False,False
1699222504.324605,0.6175779104232788,0.6591857671737671,0.5897071957588196,0.6742613315582275,False,False
1699222504.341429,0.5973066091537476,0.6719102263450623,0.5897071957588196,0.6742613315582275,False,False
1699222504.3580039,0.5973066091537476,0.6719102263450623,0.5897668600082397,0.6789132356643677,False,False
1699222504.3745909,0.6059194207191467,0.6740491390228271,0.5897668600082397,0.6789132356643677,False,False
1699222504.391479,0.6077070832252502,0.658830463886261,0.5966779589653015,0.6780139803886414,False,False
1699222504.4084241,0.6111727952957153,0.6464056968688965,0.5966779589653015,0.6780139803886414,False,False
1699222504.4253,0.6078612804412842,0.6255156397819519,0.6002134084701538,0.6916725039482117,False,False
1699222504.442274,0.5985743403434753,0.6324694752693176,0.6002134084701538,0.6916725039482117,False,False
1699222504.4567142,0.6076313257217407,0.6602996587753296,0.5859456062316895,0.6883920431137085,False,False
1699222504.476525,0.6160049438476562,0.6581485867500305,0.5859456062316895,0.6883920431137085,False,False
1699222504.489988,0.6092817187309265,0.6548429727554321,0.5874825716018677,0.6850066781044006,False,False
1699222504.507539,0.6056524515151978,0.6533499360084534,0.5874825716018677,0.6850066781044006,False,False
1699222504.5241392,0.6130717396736145,0.6431233882904053,0.5944475531578064,0.696774959564209,False,False
1699222504.5406249,0.6187837719917297,0.641685426235199,0.5944475531578064,0.696774959564209,False,False
1699222504.556716,0.6133056879043579,0.6461265683174133,0.6068441867828369,0.6933621168136597,False,False
1699222504.5740108,0.6087560653686523,0.6461012363433838,0.6088643670082092,0.6631526947021484,False,False
1699222504.589898,0.6092676520347595,0.6418336629867554,0.6071292161941528,0.661224365234375,False,False
1699222504.607312,0.606670618057251,0.6375510096549988,0.6038594841957092,0.689620316028595,False,False
1699222504.62308,0.6071977019309998,0.6374159455299377,0.5968939065933228,0.6968531608581543,False,False
1699222504.6406114,0.5999994874000549,0.644402801990509,0.5968939065933228,0.6968531608581543,False,False
1699222504.656383,0.6000593304634094,0.6615094542503357,0.5906076431274414,0.6790714263916016,False,False
1699222504.673868,0.6054219603538513,0.671497642993927,0.5906076431274414,0.6790714263916016,False,False
1699222504.6895292,0.5970515608787537,0.6838629245758057,0.5949416756629944,0.7000359296798706,False,False
1699222504.707247,0.5910483002662659,0.6722577810287476,0.5949416756629944,0.7000359296798706,False,False
1699222504.722986,0.5957208275794983,0.6664594411849976,0.5907936096191406,0.6825131177902222,False,False
1699222504.740323,0.5979468822479248,0.6684262156486511,0.5907936096191406,0.6825131177902222,False,False
1699222504.756425,0.5984312891960144,0.6712067723274231,0.6072531342506409,0.6907103657722473,False,False
1699222504.7738779,0.6049325466156006,0.6711269617080688,0.6072531342506409,0.6907103657722473,False,False
1699222504.7898262,0.6104136109352112,0.6543293595314026,0.6017261147499084,0.6899669170379639,False,False
1699222504.8070948,0.6088972687721252,0.6572042107582092,0.6017261147499084,0.6899669170379639,False,False
1699222504.822772,0.6145704984664917,0.6592522263526917,0.5970906019210815,0.6792649626731873,False,False
1699222504.8405359,0.6156871914863586,0.6467909216880798,0.5970906019210815,0.6792649626731873,False,False
1699222504.856245,0.6094247102737427,0.6541119217872621,0.589231014251709,0.6844149231910706,False,False
1699222504.8738296,0.6041581630706787,0.66083163022995,0.589231014251709,0.6844149231910706,False,False
1699222504.889469,0.6039906740188599,0.6501532196998596,0.5818018913269043,0.6723026633262634,False,False
1699222504.907176,0.6076527833938599,0.6304851770401001,0.5818018913269043,0.6723026633262634,False,False
1699222504.922761,0.6098182201385498,0.6315581798553467,0.588634729385376,0.6848216652870178,False,False
1699222504.9404562,0.5492871999740601,0.6776512861251831,0.588634729385376,0.6848216652870178,False,False
1699222504.955544,0.4696812033653259,0.7312231063842773,0.4254071414470673,0.730101466178894,False,False
1699222505.0068939,0.005695017520338297,0.8988633751869202,-0.014160893857479097,0.9195786118507384,False,False
1699222505.0223944,0.00412739347666502,0.8988348841667175,-0.01206566859036684,0.934758961200714,False,False
1699222505.040425,0.004136903677135706,0.9070194363594056,-0.010537733323872091,0.9458290934562684,False,False
1699222505.0561461,0.0023603325244039297,0.9026869535446168,0.011588945053517818,0.9409897327423096,False,False
1699222505.073601,0.006166080478578806,0.8908067345619202,0.011588945053517818,0.9409897327423096,False,False
1699222505.089452,0.0008822670788504181,0.8845654129981995,0.016202239319682118,0.948602020740509,False,False
1699222505.1070461,-0.0022474615834653373,0.8830612301826477,0.016202239319682118,0.948602020740509,False,False
1699222505.123158,0.0022786865010857578,0.8770291209220886,0.02632205560803413,0.9304742217063904,False,False
1699222505.14034,0.0039705177769064895,0.8799424767494202,0.023796314373612404,0.9362764358520508,False,False
1699222505.156082,0.004209149163216353,0.8979194164276123,0.015116223134100437,0.938299298286438,False,False
1699222505.1736538,0.005610637832432985,0.9111086130142212,0.012326454743742945,0.9336839318275452,False,False
1699222505.189176,0.004918227903544903,0.8980607390403748,0.028574619442224506,0.9299588203430176,False,False
1699222505.207006,-0.00811532512307167,0.8872478604316711,0.028574619442224506,0.9299588203430176,False,False
1699222505.2224078,-0.012542147189378737,0.8982818722724915,0.022362414747476574,0.9433549642562866,False,False
1699222505.2399948,0.01750207506120205,0.913421869277954,0.022362414747476574,0.9433549642562866,False,False
1699222505.255826,0.01750207506120205,0.913421869277954,0.03158479183912277,0.934692084789276,False,False
1699222505.2734358,0.00610967306420207,0.9036977291107178,0.01660415157675743,0.9549795389175416,False,False
1699222505.2891731,0.0006118191522546113,0.8833787441253662,0.008146155625581741,0.9656325578689576,False,False
1699222505.306644,-0.00834751781076193,0.880487322807312,0.01830892451107502,0.9514526724815368,False,False
1699222505.3223882,-0.01800781488418579,0.8833327293395996,-0.003955220803618431,0.9550089240074158,False,False
1699222505.339962,-0.013663502410054209,0.8889843225479126,-0.003955220803618431,0.9550089240074158,False,False
1699222505.355639,-0.0031830407679080963,0.8917102217674255,0.009841730818152428,0.9368163943290709,False,False
1699222505.373491,-0.0015201708301901815,0.8874747753143309,0.009841730818152428,0.9368163943290709,False,False
1699222505.3888538,-9.087315993383528e-05,0.8878699541091919,0.007019632495939732,0.9353523254394532,False,False
1699222505.406668,0.002682197606191039,0.8803936839103699,0.007019632495939732,0.9353523254394532,False,False
1699222505.422776,0.004051535855978727,0.8929432034492493,0.006081948522478342,0.933782398700714,False,False
1699222505.440227,0.002032523276284337,0.8924621343612671,-0.0002854902995750308,0.9270484447479248,False,False
1699222505.457199,-0.014102419838309288,0.8862581849098206,0.0027646711096167564,0.9317552447319032,False,False
1699222505.47475,-0.012030554004013538,0.9000998139381409,0.010703028179705143,0.9409239292144777,False,False
1699222505.492013,0.00020757192396558818,0.9062968492507936,0.005023319274187088,0.9234522581100464,True,False
1699222505.5090199,-0.003363292431458831,0.8987129926681519,0.005023319274187088,0.9234522581100464,False,False
1699222505.5224369,-0.01129425223916769,0.8813316226005554,0.005420298781245947,0.942993462085724,False,False
1699222505.5398989,-0.00139883894007653,0.8834677338600159,0.005420298781245947,0.942993462085724,False,False
1699222505.555885,-0.002108430722728372,0.8915641903877258,0.01061548851430416,0.9354400038719176,False,False
1699222505.5731108,-0.0097931157797575,0.8910337090492249,0.01061548851430416,0.9354400038719176,False,False
1699222505.589289,-0.011863700114190578,0.8858515024185181,-0.0031948264222592115,0.9321016669273376,False,False
1699222505.6065788,-0.019002515822649,0.8869301676750183,-0.005380121991038322,0.9304825067520142,False,False
1699222505.622262,-0.014629810117185116,0.8936584591865541,-0.0003703223483171314,0.9395765066146852,False,False
1699222505.639682,-0.003130730241537094,0.8849453330039978,0.004474776331335306,0.9460330009460448,False,False
1699222505.655526,-0.0011231307871639726,0.8919637799263,0.003454498713836074,0.9213844537734984,False,False
1699222505.6732538,-0.006391466129571199,0.8912065029144287,0.003454498713836074,0.9213844537734984,False,False
1699222505.6893961,-0.011174947954714298,0.8743530511856079,-0.0007102594245225191,0.9450206160545348,False,False
1699222505.706701,-0.00832219887524843,0.8677958846092224,-0.0036470121704041962,0.9416799545288086,False,False
1699222505.722238,-0.0075291767716407785,0.8815460205078125,0.0009879053104668856,0.9447304010391236,False,False
1699222505.739776,-0.005181261338293552,0.8927953243255615,0.006574937608093022,0.9498840570449828,False,True
1699222505.755142,0.011946573853492735,0.8930764198303223,0.011466158553957941,0.9353841543197632,False,False
1699222505.77298,-0.006701459642499685,0.9026843905448914,0.011466158553957941,0.9353841543197632,False,False
1699222505.788557,-0.010557282716035843,0.8891575932502747,0.0044569424353539935,0.9430218338966371,True,False
1699222505.806497,-0.009454234503209593,0.888204038143158,0.0044569424353539935,0.9430218338966371,False,False
1699222505.82205,-0.005608409643173218,0.8964390754699707,-0.0007230432820506394,0.9415876865386964,False,False
1699222505.839541,-0.002867937320843339,0.8998452425003052,-0.0007230432820506394,0.9415876865386964,False,False
1699222505.855564,-0.0069736298173666,0.9047448039054872,0.002669746521860361,0.9376591444015504,False,False
1699222505.87295,-0.00290271476842463,0.9058251976966858,-0.0033513009548187256,0.9310681223869324,False,False
1699222505.888734,-0.002593253506347537,0.8891195058822632,-0.003613287582993507,0.9377216696739196,False,False
1699222505.9061642,-0.005469521041959524,0.886066198348999,0.0021735485643148427,0.9475069642066956,False,False
1699222505.922042,0.002886754227802157,0.9030992984771729,-0.0020260890014469624,0.9329859018325806,False,False
1699222505.939464,0.02093516290187836,0.9041403532028198,-0.01546379644423723,0.944198489189148,False,False
1699222505.9555302,0.008655448444187641,0.8928289413452148,-0.011900574900209905,0.9390681385993958,False,True
1699222505.972977,-0.003696494735777378,0.8849165439605713,0.0033338572829961772,0.9256749153137208,False,False
1699222505.9887948,-0.005591793917119503,0.8676902055740356,0.0017399999778717756,0.9330391883850098,True,False
1699222506.0061018,0.00403135409578681,0.8637793064117432,-0.002023195615038276,0.9302919507026672,False,False
1699222506.02187,0.005709234159439802,0.8703935742378235,0.0019977774936705828,0.9359052181243896,False,False
1699222506.039495,-0.005892882123589516,0.8741679787635803,0.007376103196293116,0.9455031752586364,False,False
1699222506.055234,-0.009957497008144855,0.8815835118293762,-0.001729695708490908,0.9472671747207642,False,False
1699222506.0727522,-0.0035915500484406952,0.8814533352851868,-0.001729695708490908,0.9472671747207642,False,False
1699222506.089222,-0.00017178928828798234,0.8878645300865173,0.0023022275418043137,0.9422683119773864,False,False
1699222506.106414,-0.001788908732123673,0.89106684923172,0.0023022275418043137,0.9422683119773864,False,False
1699222506.123492,-0.010613324120640756,0.8930378556251526,0.007099543698132037,0.9519777297973632,False,False
1699222506.140634,-0.009254909120500088,0.8914636969566345,0.007099543698132037,0.9519777297973632,False,True
1699222506.157801,0.018025290220975883,0.8674965500831604,-0.0001996996288653463,0.9366697072982788,False,False
1699222506.174974,0.16806156933307648,0.8017838597297668,-0.0001996996288653463,0.9366697072982788,False,False
1699222506.1881,0.3149226307868957,0.7452021241188049,0.22259877622127533,0.7967647314071655,False,False
1699222506.205996,0.32856789231300354,0.7499756217002869,0.22259877622127533,0.7967647314071655,False,False
1699222506.221783,0.3327681422233581,0.7708984017372131,0.30134317278862,0.7813957929611206,False,False
1699222506.2395382,0.3257746398448944,0.7525579929351807,0.30134317278862,0.7813957929611206,False,False
1699222506.2552118,0.3351653218269348,0.756516695022583,0.28575798869133,0.7719558477401733,False,False
1699222506.2728431,0.3420449793338776,0.7835376858711243,0.28575798869133,0.7719558477401733,False,False
1699222506.288468,0.3278515934944153,0.7815886735916138,0.2945419251918793,0.7704233527183533,False,False
1699222506.306257,0.3304234445095062,0.7739865183830261,0.2945419251918793,0.7704233527183533,False,False
1699222506.321792,0.33003705739974976,0.7597249746322632,0.2905244529247284,0.771777868270874,False,False
1699222506.339534,0.3292241394519806,0.7522004246711731,0.2905244529247284,0.771777868270874,False,False
1699222506.355336,0.3358249664306641,0.7412258386611938,0.3062419593334198,0.7840467095375061,False,False
1699222506.3728518,0.3340813219547272,0.7485877871513367,0.3195628225803375,0.8110179901123047,False,False
1699222506.388389,0.3895426988601685,0.7530277371406555,0.3163038790225983,0.8076503276824951,False,False
1699222506.406131,0.5833326578140259,0.7241604924201965,0.30087345838546753,0.7780321836471558,False,False
1699222506.4213061,0.6806299090385437,0.7243715524673462,0.6322105526924133,0.7593626379966736,False,False
1699222506.4392052,0.9883593916893004,0.7741947770118713,0.6322105526924133,0.7593626379966736,False,False
1699222506.455555,0.9670215845108032,0.7784536480903625,0.9442114233970642,0.7721753120422363,False,False
1699222506.47277,0.9594208002090454,0.7862507700920105,0.9404877424240112,0.7790421843528748,False,False
1699222506.4889338,0.9589053392410278,0.796667754650116,0.9508863091468812,0.7878045439720154,False,False
1699222506.506111,0.9591262340545654,0.8058902025222778,0.9697504043579102,0.7863295674324036,False,False
1699222506.521618,0.9624760150909424,0.7940064668655396,0.9702638387680054,0.7950314879417419,False,False
1699222506.5393689,0.9586026668548584,0.7878091335296631,0.968158483505249,0.8116967082023621,False,False
1699222506.5550554,0.9584958553314208,0.7974648475646973,0.963753581047058,0.8073610663414001,False,False
1699222506.572601,0.9636250734329224,0.8093644380569458,0.963753581047058,0.8073610663414001,False,False
1699222506.5883949,0.9645004868507384,0.8158190250396729,0.9672709107398988,0.8065205216407776,False,False
1699222506.605985,0.9370635151863098,0.8057012557983398,0.9672709107398988,0.8065205216407776,False,False
1699222506.6219242,0.9182074069976808,0.8007133007049559,0.9111059904098512,0.8364320993423462,False,False
1699222506.6393301,0.6408677697181702,0.698188841342926,0.7901872992515564,0.7624446749687195,False,False
1699222506.655276,0.6317304968833923,0.6903896331787109,0.6469711661338806,0.7096123695373535,False,False
1699222506.672585,0.6295325756072998,0.6750656962394714,0.6409930586814879,0.6900004744529724,False,False
1699222506.688355,0.6389155387878418,0.6568439602851868,0.630715012550354,0.6826469302177429,False,False
1699222506.705858,0.6267848610877991,0.6675410866737366,0.6187322735786438,0.7186644077301025,False,False
1699222506.721518,0.6195704340934753,0.6795474290847778,0.6302153468132019,0.7221543192863464,False,False
1699222506.7391274,0.637342095375061,0.6710987687110901,0.6302153468132019,0.7221543192863464,False,False
1699222506.7551038,0.6389231681823729,0.6713085770606995,0.6271637082099915,0.7080969214439392,False,False
1699222506.7723448,0.6320345997810364,0.6725060939788818,0.6357464194297789,0.6669603586196899,False,False
1699222506.788477,0.6339865326881409,0.6690161824226379,0.6409468650817871,0.6702795624732971,False,False
1699222506.805789,0.6276692152023315,0.673924446105957,0.636751651763916,0.7139595150947571,False,False
1699222506.8228278,0.6605384349822998,0.6963599920272827,0.6278198957443237,0.7345374226570129,False,False
1699222506.839912,0.6682725548744202,0.6904593706130981,0.6372864842414856,0.6882110238075256,False,False
1699222506.8569438,0.6324331760406494,0.6725844740867615,0.6320610046386719,0.6693940162658691,False,False
1699222506.8740392,0.630368709564209,0.6771230697631836,0.6185587644577026,0.7007038593292236,False,False
1699222506.8910851,0.642375648021698,0.6740943193435669,0.6250162124633789,0.7177785634994507,False,False
1699222506.9081678,0.6395492553710938,0.6659977436065674,0.6250162124633789,0.7177785634994507,False,False
1699222506.921709,0.6257526874542236,0.6711094975471497,0.6258400678634644,0.7249093651771545,False,False
1699222506.94184,0.623111367225647,0.6838155388832092,0.614122748374939,0.7037990689277649,False,False
1699222506.954898,0.6347352862358093,0.6641026735305786,0.614122748374939,0.7037990689277649,False,False
1699222506.972554,0.6371102333068848,0.6611163020133972,0.614122748374939,0.7037990689277649,False,False
1699222506.988111,0.6333428025245667,0.6767667531967163,0.6290305256843567,0.7128391265869141,False,False
1699222507.005895,0.6380740404129028,0.6815335750579834,0.6290305256843567,0.7128391265869141,False,False
1699222507.0215359,0.6340644359588623,0.6899458765983582,0.6294378042221069,0.708051860332489,False,False
1699222507.0390902,0.6364719271659851,0.6941318511962891,0.6294378042221069,0.708051860332489,False,False
1699222507.0550199,0.6373534202575684,0.6859086751937866,0.6278862357139587,0.720073938369751,False,False
1699222507.0725589,0.6272755861282349,0.6897726058959961,0.5277343988418579,0.7256452441215515,False,False
1699222507.0881448,0.6333996057510376,0.6823052763938904,0.5286456942558289,0.7261894345283508,False,False
1699222507.1057332,0.6388742327690125,0.6681523323059082,0.6307311654090881,0.7206798791885376,False,False
1699222507.1214411,0.6330562233924866,0.672426700592041,0.6262731552124023,0.7122821211814879,False,False
1699222507.1388931,0.6313197612762451,0.6712461113929749,0.6262731552124023,0.7122821211814879,False,False
1699222507.1547024,0.6312321424484253,0.683330774307251,0.6184778213500977,0.7001392841339111,False,False
1699222507.172253,0.6282323598861694,0.6857153177261353,0.6184778213500977,0.7001392841339111,False,False
1699222507.1880472,0.6296858191490173,0.6747827529907227,0.6319407820701599,0.6967784762382507,False,False
1699222507.205615,0.6306865215301514,0.6665040254592896,0.6319407820701599,0.6967784762382507,False,False
1699222507.221534,0.6341285109519958,0.663474440574646,0.6345102190971375,0.6945242285728455,False,False
1699222507.2388322,0.6415318250656128,0.6644376516342163,0.6345102190971375,0.6945242285728455,False,False
1699222507.254964,0.6424141526222229,0.6580584049224854,0.6331648230552673,0.7016246318817139,False,False
1699222507.272216,0.6368301510810852,0.6618655920028687,0.642691433429718,0.6856094598770142,False,False
1699222507.2878098,0.6417661309242249,0.6599570512771606,0.643127977848053,0.6884340643882751,False,False
1699222507.305388,0.6486783027648926,0.6579759120941162,0.6337541937828064,0.7067577838897705,False,False
1699222507.321385,0.6428080201148987,0.6747744083404541,0.6221131682395935,0.6939164400100708,False,False
1699222507.338562,0.6284435391426086,0.648045539855957,0.62999427318573,0.6634303331375122,False,False
1699222507.3547802,0.6307775378227234,0.6460461020469666,0.6309394836425781,0.656240701675415,False,False
1699222507.372124,0.5989657044410706,0.606276273727417,0.6239792704582214,0.6806946992874146,False,False
1699222507.3878698,0.5676463842391968,0.5717771053314209,0.5356865525245667,0.5802411437034607,False,False
1699222507.405442,0.4710775911808014,0.3462756276130676,0.5110413432121277,0.5247348546981812,False,False
1699222507.421508,0.4689741432666778,0.3437517583370209,0.46385258436203,0.3978935778141022,False,False
1699222507.4389439,0.4589728713035584,0.3511156141757965,0.4630888104438782,0.3734618425369263,False,False
1699222507.4581,0.4575619697570801,0.3551401495933533,0.4581617116928101,0.375249058008194,False,False
